{"properties": [
  {
    "name": "commprop.apikey",
    "type": "java.lang.String",
    "description": "A description for 'commprop.apikey'"
  },
  {
    "name": "commprop.url",
    "type": "java.lang.String",
    "description": "A description for 'commprop.url'"
  },
  {
    "name": "commprop.acceptType",
    "type": "java.lang.String",
    "description": "A description for 'commprop.acceptType'"
  },
  {
    "name": "commprop.contentType",
    "type": "java.lang.String",
    "description": "A description for 'commprop.contentType'"
  }
]}